1,2268318,2520377,pv,1511544070
2,2333346,2520771,pv,1511544070
3,2576651,149192,pv,1511544070
4,2576651,149192,pv,1511544070
4,2576651,149192,pv,1511544070
5,2576651,149192,pv,1511544070
6,2268318,2520377,pv,1511544070
7,2333346,2520771,pv,1511544070
8,2576651,149192,pv,1511544070
9,2576651,149192,pv,1511544070
10,2576651,149192,pv,1511544070
11,2576651,149192,pv,1511544070
12,2268318,2520377,pv,1511544070
13,2333346,2520771,pv,1511544070
14,2576651,149192,pv,1511544070
15,2576651,149192,pv,1511544070
15,2576651,149192,pv,1511544070
17,2576651,149192,pv,1511544070
18,2268318,2520377,pv,1511544070
19,2333346,2520771,pv,1511544070
20,2576651,149192,pv,1511544070
21,2576651,149192,pv,1511544070
22,2576651,149192,pv,1511544070
23,2576651,149192,pv,1511544070
24,2268318,2520377,pv,1511544070
25,2333346,2520771,pv,1511544070
26,2576651,149192,pv,1511544070
27,2576651,149192,pv,1511544070
28,2576651,149192,pv,1511544070
29,2576651,149192,pv,1511544070
30,3830808,4181361,pv,1511544071
33,3830808,4181361,pv,1511544071
33,4365585,2520377,pv,1511544074
32,4606018,2735466,pv,1511544075
